"","pm","pb","pp","Um","Ub","Up","wm","wb","wp","Am","Ab","Ap","PB","PP","v","up","dw","delta_t","S0","s1up","s1down","q","Vn"
"1",0.69,0.786420858600177,0.551353701213375,0.53,0.564152613319457,0.505448166467249,0.89,0.752770395330153,0.921561126303859,6.84615384615385,5.79054150253964,7.08893174079892,8.97445351665518,5.18011984492825,0.840888458991596,1.31981713309496,0.757680723279449,4.19624418392777,187589100,247583308.161864,142132644.967341,-0.199204916257065,100283709.497932
"2",0.69,0.741737962584011,0.613165861563757,0.53,0.564373722039163,0.502132453359663,0.89,0.825160662885755,0.905891257496551,6.84615384615385,6.34738971450581,6.96839428843501,8.25789758200519,6.18173918041025,0.460653286355881,1.16417837942571,0.858974893944774,6.76740244217217,187589100,218387174.435928,161134327.277696,0.628477018641354,145366979.620302
"3",0.69,0.758029495251831,0.575761883668601,0.53,0.534152265768498,0.471134213395417,0.89,0.799818609629292,1.00705878007691,6.84615384615385,6.15245084330225,7.74660600059164,7.86550681602765,5.07988895990304,0.646013538010673,1.23761292960493,0.808007072388308,8.91776980645955,187589100,232162695.612953,151573319.502958,0.596248540729181,133638587.592316
"4",0.69,0.806916959206574,0.645021979287267,0.53,0.558445495311171,0.482467997763306,0.89,0.845997037084308,1.00736027313862,6.84615384615385,6.50766951603313,7.74892517798938,9.17352832443438,6.58673855675945,0.599317538497292,1.21868789941324,0.820554631322317,3.91671304963529,187589100,228612566.23182,153927104.790585,-0.0651771819618938,124972315.823204
"5",0.69,0.836446591317654,0.561179548883811,0.53,0.572847763020545,0.457447050362825,0.89,0.765470456224866,1.01597654310986,6.84615384615385,5.88823427865282,7.81520417776818,9.99003855952347,5.47833664596009,0.950083823682537,1.36824331033199,0.730864161694578,5.38110085576773,187589100,256667531.166198,137102150.31454,-0.147884696556796,93737594.6046997
"6",0.69,0.832071828886401,0.654530515996739,0.53,0.606372291706502,0.504835560750216,0.89,0.815075484451372,0.928567740749568,6.84615384615385,6.26981141885671,7.14282877499667,10.7164591735698,7.63621081314542,0.709412722519568,1.26377869639678,0.791277778974394,3.83123155869544,187589100,237071108.256245,148435086.407806,-0.160040444917285,112989665.855852
"7",0.69,0.692742442130111,0.635792912505567,0.53,0.549990437738597,0.462894662134349,0.89,0.742556397521403,0.95805404832121,6.84615384615385,5.71197228862617,7.36964652554777,7.18164040900149,6.28546661464571,-0.0691251259086158,0.977446918863669,1.02307345872301,2.82320137508214,187589100,183358387.807409,191917429.355736,-3.46333798517438,195127003.955243
"8",0.69,0.842293930875603,0.560865612989291,0.53,0.604914603140205,0.469669311381877,0.89,0.810971219206694,0.916818521968089,6.84615384615385,6.2382401477438,7.0524501689853,10.8586774885896,5.98778185978153,0.998388640344449,1.39022867960664,0.719306121841008,6.66577575914562,187589100,260791746.801599,134933988.020645,-0.0602513471180066,94347641.0275683
"9",0.69,0.777299906080589,0.583486809590831,0.53,0.561986604444683,0.490422847699374,0.89,0.74478322339477,0.906025462322868,6.84615384615385,5.72910171842131,6.96942663325283,8.7790556468474,5.66263520728706,0.716774668346538,1.26685270614827,0.789357748652874,5.75148380734026,187589100,237647758.978919,148074909.647819,0.0597780619898059,118442044.084221
"10",0.69,0.765427480146755,0.656723838821053,0.53,0.590889739468694,0.495868515912443,0.89,0.80712620689068,0.901732281129807,6.84615384615385,6.20866312992831,6.93640216253698,9.221141512238,7.38334466987772,0.383752525461977,1.13500644962074,0.881052262155999,3.75310837849975,187589100,212914838.37855,165275800.910808,0.19288241768462,147353078.043576
"11",0.69,0.704358355449513,0.596885356875136,0.53,0.581308526135981,0.492059145402163,0.89,0.745892208206933,0.966420377567411,6.84615384615385,5.73763237082256,7.4340029043647,7.99558646487748,6.20805778263952,0.366264277082153,1.12847505383716,0.886151622581018,4.98210477828979,187589100,211689619.721764,166232385.343513,0.506924117881889,151261518.809402
"12",0.69,0.872647458761931,0.541468313811347,0.53,0.546636134665459,0.518910595178604,0.89,0.809658797397278,0.921201440682635,6.84615384615385,6.22814459536368,7.08616492832796,9.92892565194662,4.74918187419824,1.03715549471371,1.40812821200882,0.710162605558064,6.98839681223035,187589100,264149503.975343,133218764.030292,-0.0552809276871964,91987397.9156283
"13",0.69,0.72869306311477,0.493934682719409,0.53,0.593839440476149,0.471945511735976,0.89,0.764991365603637,0.913821240547113,6.84615384615385,5.88454896618182,7.02939415805472,8.66159073752589,4.67283811208441,0.872398546399408,1.33361262639434,0.749842930554486,5.9080474935472,187589100,250171192.333951,140662360.484079,-0.0497755021063216,103645674.58615
"14",0.69,0.825167724683415,0.608386984290555,0.53,0.571372550148517,0.480530214868486,0.89,0.86521674943855,0.924861127091572,6.84615384615385,6.65551345721962,7.11431636224286,9.77034562768232,6.22640018504811,0.797839683372918,1.3012002340807,0.768521226640034,6.32480822317302,187589100,244090980.830988,144166205.2363,0.0526616497708781,112415411.045073
"15",0.69,0.831329486686736,0.496002371013165,0.53,0.557547480389476,0.454905804246664,0.89,0.795346971331164,0.947063098456711,6.84615384615385,6.11805362562434,7.28510075735931,9.54223635998611,4.19292975503798,1.05746743872437,1.4175985170641,0.705418345153912,9.31469404324889,187589100,265926029.97739,132328792.490912,0.144748485163,99735802.3290832
"16",0.69,0.858853997122496,0.686746435249224,0.53,0.568175622299314,0.50548065867275,0.89,0.803861969346181,0.999783314592205,6.84615384615385,6.18355361035524,7.6906408814785,10.2424913923141,7.44460865543012,0.648783858148437,1.23874487967081,0.807268725313114,8.74156789854169,187589100,232375037.107055,151434813.639634,0.563698727165122,132972364.601766
"17",0.69,0.724859707837459,0.595707920249552,0.53,0.58623580403626,0.523061820808798,0.89,0.778876087742392,1.00096746779513,6.84615384615385,5.99135452109532,7.6997497522702,8.43876206340327,6.27245647082617,0.487455576592537,1.17452092409028,0.851410970625783,6.91575641185045,187589100,220327323.081265,159715417.709817,0.58974853114385,143187198.569996
"18",0.69,0.823117900379002,0.511586646791548,0.53,0.556709263455123,0.475930528659374,0.89,0.824813863423187,0.918444946785457,6.84615384615385,6.34472202633221,7.0649611291189,9.39150017871835,4.42926857195864,1.01010344933155,1.39561354847929,0.716530733804952,3.75763605907559,187589100,261801889.507037,134413355.476811,-0.311276532585693,80018420.3466284
"19",0.69,0.810291903058533,0.560504102064297,0.53,0.598549858722836,0.526057725399733,0.89,0.873204726630356,0.896560228755698,6.84615384615385,6.71695943561812,6.8966171442746,10.1572335962107,5.87945288962825,0.916511504110222,1.35316838749538,0.739006327106804,8.15232411026955,187589100,253839639.95871,138629531.796271,0.146573129345921,107758818.178986
"20",0.69,0.733742830303963,0.553036823552102,0.53,0.552613566871732,0.507055652104318,0.89,0.869320687509608,0.904885292891413,6.84615384615385,6.68708221161237,6.96065609916471,7.88190345352261,5.0247004905297,0.662013620212015,1.24416484135963,0.803752016418655,6.4026220459491,187589100,233391762.842296,150775117.383161,0.203785720460461,125653620.681533
"21",0.69,0.813190207732841,0.53695733981207,0.53,0.536103777177632,0.523847603406757,0.89,0.762082503885031,1.00513465249445,6.84615384615385,5.86217310680793,7.7318050191881,8.75394030835932,4.51681625271055,0.910489686416686,1.35048204153095,0.740476340482371,5.30814713798463,187589100,253335710.736954,138905290.282382,-0.132249389987601,97472865.145023
"22",0.69,0.806378915808164,0.50362410034053,0.53,0.602330575846136,0.52036345589906,0.89,0.769567530879285,0.899724359503016,6.84615384615385,5.91975023753296,6.92095661156166,10.1774499932177,4.9598241897486,1.0417504800685,1.41026504009276,0.709086569950159,3.25871658697724,187589100,264550349.632465,133016911.479037,-0.359859035855878,73996444.1016507
"23",0.69,0.753356788211968,0.526012354725972,0.53,0.5417186149396,0.473246035072953,0.89,0.880410333208274,0.904344465709291,6.84615384615385,6.77238717852519,6.95649589007147,7.95718579238727,4.43343615276378,0.794235913917261,1.29965370939295,0.769435729512197,7.78681505843997,187589100,243800869.656686,144337756.007037,0.226305150228649,117527126.876367
"24",0.69,0.788116283845156,0.572379895634949,0.53,0.563061222396791,0.510963552668691,0.89,0.778876482110936,0.996846569241025,6.84615384615385,5.99135755469951,7.66805053262327,8.97720986356852,5.50164032238719,0.78555448445715,1.29593569659056,0.771643224760972,9.85923850908875,187589100,243103410.981297,144751858.054008,0.500624729629149,124478887.570756
"25",0.69,0.817322615953162,0.607985578486696,0.53,0.575047907214612,0.510943744350225,0.89,0.85179461007705,0.989095816696063,6.84615384615385,6.55226623136192,7.60842935920048,9.72804212610182,6.28377314008227,0.779849801163181,1.29349833363664,0.773097246432877,9.89446595311165,187589100,242646188.258397,145024616.670822,0.513802816424449,125046525.21007
"26",0.69,0.775809872355312,0.513643481591716,0.53,0.549090825505555,0.487641820944846,0.89,0.792848460630048,0.93740053428337,6.84615384615385,6.09883431253883,7.21077334064131,8.46884376364746,4.3500678664689,0.892626052394831,1.34254437020975,0.74485433940911,3.01841012947261,187589100,251846690.117713,139726555.160849,-0.329700989906847,89709076.9416753
"27",0.69,0.770574032657314,0.584662167970091,0.53,0.572217760588974,0.500156288743019,0.89,0.871403913744725,0.985081985122524,6.84615384615385,6.70310702880558,7.57755373171172,8.89647931229932,5.85268430525686,0.7019055420827,1.26065172447554,0.793240496629647,7.79251208528876,187589100,236484522.407815,148803270.846309,0.340935413223102,125842120.862832
"28",0.69,0.724551067319699,0.505571103710681,0.53,0.535775792282075,0.454325007554144,0.89,0.817591010800097,1.00396721962374,6.84615384615385,6.28916162153921,7.72282476633644,7.38750896614088,4.03063971074853,0.76364197026907,1.28659841773261,0.777243300020773,5.59238721989095,187589100,241351839.243885,145802371.131927,-0.000869846434155046,113298332.876152
"29",0.69,0.796190028681885,0.545976021336392,0.53,0.601207522992045,0.507267942260951,0.89,0.773463258843403,0.965025299801491,6.84615384615385,5.94971737571849,7.42327153693455,9.97627268667612,5.6721664246202,0.920380235813758,1.35489705573544,0.738063453431301,7.30023277550936,187589100,254163919.278061,138452658.97207,0.055121402193427,104277526.435785
"30",0.69,0.851133401361294,0.51983662057668,0.53,0.583607951886952,0.510930854361504,0.89,0.889795167974662,0.926861618263647,6.84615384615385,6.84457821518971,7.12970475587421,10.4927975105755,4.96075668310325,1.0786486377197,1.42754195184293,0.700504807378177,9.08148825354874,187589100,267791309.958459,131407066.361746,0.106278669332071,96956927.8350309
"31",0.69,0.825534983633552,0.624124405356124,0.53,0.589655166137964,0.483078619576991,0.89,0.747298040250316,0.997055873670615,6.84615384615385,5.74844646346397,7.66966056669704,10.2081875246378,6.81015646413357,0.771327137812889,1.28986550787642,0.775274626613094,8.78451673313975,187589100,241964709.74358,145433069.459186,0.378881364497973,122577378.773001
"32",0.69,0.791110920137726,0.664066049978137,0.53,0.539896413572133,0.45801963083446,0.89,0.843046674188226,1.01187326001469,6.84615384615385,6.48497441683251,7.78364046165146,8.50111415149338,6.53859214054361,0.42515845736659,1.15062156875595,0.869095476005368,8.1652175411582,187589100,215844064.523518,163032838.157919,1.04219135778755,151016877.67748
"33",0.69,0.751042380102444,0.535880871685222,0.53,0.56008738046512,0.514303455911577,0.89,0.863349972232245,0.944363538380712,6.84615384615385,6.64115363255573,7.26433491062086,8.31603541182351,4.8680348501529,0.780532615350174,1.29378982875082,0.772923065074272,6.24596633389592,187589100,242700869.56452,144991942.146524,0.0590448185098233,113821143.34341
"34",0.69,0.776609779950231,0.660162461185828,0.53,0.547401657532901,0.511673748977482,0.89,0.781345904604532,1.01535032704473,6.84615384615385,6.01035311234255,7.81038713111327,8.4438769346875,6.62005446730172,0.378939326569469,1.13320508671244,0.882452798461326,6.18911295942962,187589100,212576922.331808,165538526.255841,0.749563808223472,151985237.726205
"35",0.69,0.847543675361667,0.637087963623926,0.53,0.555210266839713,0.493865253999829,0.89,0.827057942186948,0.897565812473185,6.84615384615385,6.36198417066883,6.90435240363989,9.7442161663172,6.40099455581068,0.761073052999213,1.2855081755051,0.777902481722513,5.89871839992702,187589100,241147321.685645,145926026.434093,0.0364445711342694,114567062.554723
"36",0.69,0.824786134448368,0.513186037736014,0.53,0.601663340441883,0.508686522115022,0.89,0.850100343439262,0.915220599444583,6.84615384615385,6.53923341107125,7.04015845726602,10.4789310210311,5.11481584279191,1.05921068115931,1.4184142535799,0.705012655841638,9.0009015891701,187589100,266079053.256225,132252689.597943,0.113469155294629,98333640.060895
"37",0.69,0.803662942980882,0.533542491551489,0.53,0.54151812158525,0.51534886257723,0.89,0.793690345515497,0.951703075882979,6.84615384615385,6.10531035011921,7.32079289140753,8.73230126817917,4.54708965694938,0.902716180566619,1.34702214776992,0.742378290999565,2.90973645634949,187589100,252686672.380227,139262075.468147,-0.342556828708156,88084872.4477514
"38",0.69,0.848017689157277,0.674705691318959,0.53,0.553775749690831,0.508942038454115,0.89,0.802100304034539,0.89320916548837,6.84615384615385,6.17000233872722,6.87083973452592,9.71693989367467,6.97088305368795,0.636993866796945,1.23393466212061,0.810415681395503,5.12331828474998,187589100,231472692.726008,152025148.298869,0.0598719693597816,124500022.10653
"39",0.69,0.737057782139163,0.583370115244761,0.53,0.555819055754691,0.520254275333136,0.89,0.764418003088795,1.0293522298662,6.84615384615385,5.88013848529842,7.91809407589384,8.00191665206346,5.55781418244486,0.563538448718361,1.2043833438071,0.830300423151786,7.51853605359793,187589100,225929187.519765,155755309.108663,0.529897820762429,137558139.841717
"40",0.69,0.733252630287316,0.64320493420586,0.53,0.609274864774197,0.509816746525466,0.89,0.849419568581507,1.00622200116981,6.84615384615385,6.5339966813962,7.74016923976775,9.06289337099721,7.49313492773228,0.284343748636002,1.09837678180296,0.910434394250875,2.20784431882203,187589100,206043511.959313,170787568.626567,0.032346698324663,155667556.525294
"41",0.69,0.698917561743874,0.689123096838593,0.53,0.539125269167125,0.524312307517976,0.89,0.74372126273578,1.02601128041279,6.84615384615385,5.72093279027523,7.89239446471374,7.06153901416727,6.910455400979,-1.19175326593335,0.674840725781603,1.48183113703133,9.43456752598286,187589100,126592764.392718,277975369.347684,-1.05833971413048,286602470.950029
"42",0.69,0.795542122554034,0.619045879235491,0.53,0.600116483680904,0.518540871758014,0.89,0.885227028406225,0.988303699106909,6.84615384615385,6.80943868004789,7.60233614697623,9.94029337907564,6.90976760515397,0.699150544078142,1.25950612462995,0.793961998631651,9.95033856481314,187589100,236269620.36382,148938616.757513,0.655802852142132,131779812.228355
"43",0.69,0.792716868149582,0.579741240348667,0.53,0.602761305663735,0.457538338936865,0.89,0.820213632900268,0.912657241369598,6.84615384615385,6.30933563769437,7.02044031822767,9.95176999848152,6.27875897180758,0.820396362820265,1.31092212229149,0.762821820606705,4.7828808799386,187589100,245914701.090751,143097058.787973,-0.129128685072915,104681451.766637
"44",0.69,0.691518595211673,0.570268983077258,0.53,0.57706805543974,0.520078098718077,0.89,0.846281389796641,0.917103196452372,6.84615384615385,6.50985684458954,7.05463997271055,7.69813049447802,5.69617530643033,0.437703226248799,1.15539475483915,0.86550505427837,5.05412395484746,187589100,216739462.204996,162359314.177531,0.344896035311107,144271302.281113
"45",0.69,0.726681236047298,0.653395473966375,0.53,0.530811437349767,0.479088722877204,0.89,0.849302224032581,0.945855131414719,6.84615384615385,6.53309403101985,7.27580870319015,7.31694594854991,6.20391602498128,0.0675266220415259,1.02253392336923,0.977962664265472,8.99943449534476,187589100,191816218.404303,183455136.023162,10.6959155506182,182012310.023376
"46",0.69,0.715786109163892,0.513029562830925,0.53,0.545738327391446,0.454564267918468,0.89,0.828113338628318,0.994044560459442,6.84615384615385,6.37010260483322,7.64649661891879,7.45717875121863,4.29121235727989,0.72672104783511,1.27101773512171,0.78677108302052,6.66501484625041,187589100,238429073.015521,147589679.369845,0.162604611196571,120288619.643689
"47",0.69,0.745358888236806,0.689560388224199,0.53,0.58590684870258,0.470703880544752,0.89,0.776322513315827,0.943320790491998,6.84615384615385,5.97171164089097,7.25631377301537,8.77558623746189,7.84018474414626,-0.0421100014128512,0.986199807420672,1.01399330285353,4.64290894009173,187589100,185000334.294217,190214091.088321,-8.85674979373006,191819809.744735
"48",0.69,0.873206026873086,0.539820338422432,0.53,0.576451877877116,0.5165004956536,0.89,0.770610116210301,0.89994399969466,6.84615384615385,5.92777012469462,6.92264615149739,10.682581296441,5.18391997668615,1.0748322666771,1.42574523365291,0.701387580611367,8.00856160931289,187589100,267454265.210238,131572664.998064,0.0112327239946013,92824241.7036236
"49",0.69,0.798851124756038,0.638381646350026,0.53,0.536049806308001,0.523868797812611,0.89,0.759152835628483,0.997263612858951,6.84615384615385,5.83963719714218,7.67125856045347,8.53276013864051,6.07157352404281,0.567930858946735,1.20613035773254,0.829097778352869,4.71360625885427,187589100,226256908.289725,155529706.053214,0.0799833582293838,130379714.157803
"50",0.69,0.712596797300503,0.601444764537737,0.53,0.540989392716438,0.518471014220268,0.89,0.866832642697263,0.929769754926674,6.84615384615385,6.66794340536357,7.15207503789749,7.31055396675347,5.59006013673582,0.342161690522999,1.11953492985834,0.89322804794178,8.48066845722497,187589100,210012549.910688,167559845.608155,1.52507622471577,158604619.378807
"51",0.69,0.860853868653066,0.685385242206976,0.53,0.577223146837205,0.502088246438652,0.89,0.796809779989999,0.956851836121641,6.84615384615385,6.12930599992307,7.36039873939724,10.4978491700211,7.59990393037516,0.670941915258829,1.24783597626575,0.8013873770434,8.65143508464098,187589100,234080427.735313,150331536.810932,0.510994571254957,130847459.070566
"52",0.69,0.844004872979131,0.631687264246866,0.53,0.588246408831328,0.503181492891163,0.89,0.783524738634005,0.993607021565549,6.84615384615385,6.02711337410773,7.64313093511961,10.4857765585295,6.91228912803402,0.803074377694445,1.30344993384946,0.767194791323296,4.22091177478433,187589100,244512999.98588,143917380.429025,-0.175796251122659,104395727.793051
"53",0.69,0.706504641210195,0.617318933932111,0.53,0.563705964423716,0.478916594889015,0.89,0.849821226028725,1.0240038727317,6.84615384615385,6.53708635406712,7.87695286716693,7.67545809950723,6.23700783356437,0.229258875118767,1.07859085876158,0.927135615768321,9.84551873058081,187589100,202331888.463312,173920535.739925,3.16170477689709,169346847.557467
"54",0.69,0.759938063987065,0.566014928752556,0.53,0.536724244002253,0.49885911911726,0.89,0.811765948238317,0.995744370445609,6.84615384615385,6.24435344798705,7.65957208035084,7.95059895755626,4.97257767605353,0.688129809355166,1.25493381869691,0.796854770427955,4.51847966015339,187589100,235411905.608916,149481269.215287,-0.0643012770624714,117469045.832854
"55",0.69,0.78851289428072,0.504793581655249,0.53,0.573599709067494,0.481847579926252,0.89,0.866031884073745,1.00533663556911,6.84615384615385,6.6617837236442,7.733358735147,9.22135674336236,4.56501570307845,0.969982202003816,1.37725739487529,0.726080690305931,3.98310287669301,187589100,258358475.173,136204823.221868,-0.277881584677825,85480182.2065956
"56",0.69,0.769133050891105,0.510158203085884,0.53,0.571889717448503,0.455676591768861,0.89,0.771835717707872,0.942774436380714,6.84615384615385,5.9371978285221,7.25211104908242,8.86566816348813,4.62809865849465,0.910555976233394,1.3505115845124,0.740460142266052,7.38223984837532,187589100,253341252.678254,138902251.673561,0.0713401283022828,105497052.716977
"57",0.69,0.698402248711791,0.626348162218928,0.53,0.53707403793931,0.508695743177086,0.89,0.760281571417581,0.976366613758728,6.84615384615385,5.84831978013524,7.51051241352868,7.01260111141197,5.90536628918424,0.0642348499799537,1.02142376341501,0.979025587437494,3.08612508326769,187589100,191607964.497635,183654528.824371,3.008559319608,180666936.489971
"58",0.69,0.862696510381065,0.667582979388535,0.53,0.584840917754918,0.500370488315821,0.89,0.852623775668908,1.0184888258623,6.84615384615385,6.55864442822237,7.83452942970997,10.7163137428843,7.45139709412318,0.746127809811968,1.27918374748392,0.781748518902729,4.88056225702167,187589100,239960927.925137,146647501.087296,-0.0674938776028057,112675256.018564
"59",0.69,0.843597639936488,0.532638569837436,0.53,0.541191140990704,0.473880596160889,0.89,0.843498477803078,0.985964314867742,6.84615384615385,6.48844982925444,7.58434088359802,9.34315202528269,4.52810128755227,0.991117229269452,1.3868967338249,0.721034216615478,8.82995308190584,187589100,260166710.091152,135258159.764103,0.151648002300189,103638042.226575
"60",0.69,0.802208002235275,0.510243318006396,0.53,0.532002948839218,0.483857474029064,0.89,0.761697699511424,0.903670396888629,6.84615384615385,5.8592130731648,6.95131074529714,8.49135961219401,4.04718286834602,0.940574750052362,1.36395650013661,0.733161211446146,5.70127160288393,187589100,255863372.299776,137533051.810092,-0.113323259847883,96035662.5458565
"61",0.69,0.79571841629222,0.613596689850092,0.53,0.601717946324497,0.519578895550221,0.89,0.789957845616154,1.02425731853582,6.84615384615385,6.07659881243196,7.87890245027554,9.97978097493674,6.84431795332754,0.720616061883976,1.26845966280374,0.78835774547978,2.27338770404458,187589100,237949206.531657,147887319.952581,-0.33480644455979,106285148.769301
"62",0.69,0.879965108523611,0.617556963358074,0.53,0.582977122701705,0.457100529409945,0.89,0.75334278662689,0.996460281494074,6.84615384615385,5.79494451251454,7.66507908841595,10.9583507680859,6.58135845462362,0.930969174585043,1.35963982159926,0.73548890236516,3.44286039844155,187589100,255053610.457965,137969701.254668,-0.307722194561608,87309515.2375503
"63",0.69,0.754709488272201,0.500209716577083,0.53,0.556222584694624,0.474021984729916,0.89,0.762335225355346,1.01420923373662,6.84615384615385,5.86411711811804,7.80160949028169,8.29134627343354,4.24108559220864,0.882048166674625,1.33786611744954,0.747458947466555,4.9679433144629,187589100,250969100.892854,140215151.242198,-0.147946438509329,99022605.3472821
"64",0.69,0.879249958959408,0.567731357654557,0.53,0.540697169229388,0.503382817637175,0.89,0.828989852613304,0.943086691889912,6.84615384615385,6.37684502010234,7.25451301453778,9.88278407341823,5.063472107361,0.991675036755364,1.38715205237875,0.720901503396946,9.3157949373126,187589100,260214605.068883,135233264.21088,0.200538375416638,105405671.593407
"65",0.69,0.780709317123983,0.532823705030605,0.53,0.591470234785229,0.524191408772022,0.89,0.820814081185963,0.894921119092032,6.84615384615385,6.31395447066125,6.88400860840025,9.49247057718337,5.29747821881265,0.904188120663636,1.34767660955685,0.742017775561766,9.58834736421704,187589100,252809442.277822,139194446.701634,0.316764163556044,113790492.010538
"66",0.69,0.758448283523321,0.632493704147637,0.53,0.551943958681077,0.522653531786054,0.89,0.742282915334217,0.9446266195504,6.84615384615385,5.70986857949398,7.26635861192615,8.25799867767819,6.26890193537769,0.433639961714378,1.15384655045207,0.866666368771656,3.87796925753355,187589100,216449035.937409,162577164.118143,0.128192868706416,142343751.627247
"67",0.69,0.709498873301782,0.563269362794235,0.53,0.562129839919507,0.476535334084183,0.89,0.816076392130926,1.02864557160065,6.84615384615385,6.27751070869943,7.91265824308189,7.69175567442638,5.33985689808907,0.539289381283554,1.19478409548235,0.836971301996019,7.17552177980542,187589100,224128473.165848,157006693.267261,0.52077801576881,138989752.743917
"68",0.69,0.80138461873401,0.64739729385823,0.53,0.599650068525225,0.466021147295833,0.89,0.798934748487081,0.891919470583089,6.84615384615385,6.14565191143909,6.8609190044853,10.029917358108,7.38793555503728,0.612630214671814,1.22405359615731,0.816957691345638,7.56131178513169,187589100,229619112.454913,153252358.057606,0.445246349670872,133247588.49723
"69",0.69,0.714633146764245,0.561319245407358,0.53,0.537192793991417,0.452965084314346,0.89,0.881864846996032,0.908495806003921,6.84615384615385,6.78357574612332,6.98842927695324,7.26444495129746,4.90799253984918,0.540509106522754,1.19526510402557,0.836634481030252,8.17351933009923,187589100,224218705.125562,156943509.325432,0.695144447239515,141017857.486318
"70",0.69,0.735220227008685,0.651135771265253,0.53,0.603638262953609,0.502290884051472,0.89,0.837401374392211,0.98725316807162,6.84615384615385,6.44154903378624,7.59425513901246,8.97862164844539,7.52637815881722,0.235276699198116,1.0807349411179,0.925296260862644,4.2609566822648,187589100,202734094.942859,173575492.808589,0.840358897407359,163518121.156402
"71",0.69,0.775734018911608,0.540066766282544,0.53,0.57295065863058,0.470482645258307,0.89,0.79403248911025,0.956010617208667,6.84615384615385,6.107942223925,7.35392782468205,8.99722672895906,5.13388235845332,0.852254352332168,1.32477672561563,0.754844179146715,4.87641994096339,187589100,248513673.659182,141600540.206371,-0.13931293512846,101741144.650728
"72",0.69,0.74922349059023,0.659631856074557,0.53,0.56050977692008,0.518756731748581,0.89,0.88813940905733,1.00539852757938,6.84615384615385,6.83184160813331,7.73383482753371,8.29594218606211,6.85913790814526,0.22853689885887,1.07833391276369,0.927356534152833,4.32510209456086,187589100,202283688.194819,173961977.620849,0.904287782523777,164276381.39847
"73",0.69,0.703686842427123,0.601777683766559,0.53,0.544595834184438,0.456759992018342,0.89,0.777221317470539,1.01691606434993,6.84615384615385,5.97862551900415,7.82243126423026,7.24525053695365,5.65730906525269,0.291606023120442,1.10101225407621,0.908255104607388,8.84917332790792,187589100,206537897.831127,170378757.643706,2.01366660722765,163307546.241732
"74",0.69,0.838598180839326,0.538867790680379,0.53,0.555108415130526,0.460278020072728,0.89,0.879492077520117,0.909157960196026,6.84615384615385,6.76532367323167,6.99352277073866,9.59966752846126,4.83913485628993,0.983936767349843,1.38361429977992,0.722744770821651,6.68386912345886,187589100,259550961.242846,135579041.08814,-0.0494956209435099,95819510.0082237
"75",0.69,0.719555088633206,0.618955760644749,0.53,0.582735899016261,0.528481891322881,0.89,0.842537377178669,1.02981943265535,6.84615384615385,6.48105674752822,7.92168794350269,8.27773041154501,6.60041857020064,0.32613292846154,1.11362879338476,0.897965287841207,2.07925008051097,187589100,208904623.085133,168448500.177373,-0.0720819241706454,150746611.859418
"76",0.69,0.804697050782852,0.591296941842884,0.53,0.578631833903491,0.51692353412509,0.89,0.889983131245244,1.00059705444146,6.84615384615385,6.84602408650188,7.69690041878046,9.60282694603623,6.06982464817123,0.79588952896516,1.30036311482133,0.769015968387725,9.67818108946085,187589100,243933946.382529,144259013.395482,0.461846222966245,123106457.959858
"77",0.69,0.794044065237977,0.647139816321433,0.53,0.530593017246574,0.509911821316928,0.89,0.816856129430234,0.890971568510868,6.84615384615385,6.28350868792488,6.8536274500836,8.33505882070747,6.10486377145257,0.505784000647655,1.18164639995463,0.846276855782231,4.94824749231339,187589100,221663984.68573,158752313.727018,0.202055383338256,137235981.324661
"78",0.69,0.879080126243643,0.569195240838453,0.53,0.545241937153041,0.478878042176366,0.89,0.805721228020266,0.934128454793245,6.84615384615385,6.19785560015589,7.18560349840957,9.99446746180616,5.16013397239713,0.993637472654384,1.38805066832596,0.720434795947352,2.01733931154013,187589100,260383175.625666,135145714.980447,-0.438908530016465,73219952.6787304
"79",0.69,0.80174456742825,0.635373686682433,0.53,0.609395897909999,0.482365392930806,0.89,0.879906801586039,0.962140858131461,6.84615384615385,6.76851385835415,7.40108352408816,10.2596570057097,7.35881682573263,0.671571530324302,1.24809526979078,0.801220887703255,3.89298254810274,187589100,234129068.374309,150300305.225455,-0.126723728663671,117231418.342894
"80",0.69,0.728797941966914,0.554046131120995,0.53,0.554836138933897,0.509704816509038,0.89,0.851908687639516,1.02849932570476,6.84615384615385,6.5531437510732,7.91153327465201,7.85006392785252,5.07589191734583,0.643417191720279,1.23655300406506,0.808699664885035,7.75197949633002,187589100,231963865.134862,151703242.306085,0.422733811292454,130964696.608623
"81",0.69,0.80938820380019,0.567049520006403,0.53,0.572036842703819,0.461072631496936,0.89,0.759085195590742,0.942445911997929,6.84615384615385,5.83911688915955,7.24958393844561,9.52776479410228,5.56139039943687,0.868850802417065,1.33205220567204,0.750721327393836,9.04865162633359,187589100,249878474.415033,140827138.156615,0.293355048365214,115013453.128343
"82",0.69,0.69431769387098,0.593301380295306,0.53,0.584930753707886,0.458996118381619,0.89,0.825553528100718,0.96408447757829,6.84615384615385,6.35041175462091,7.41603444290992,7.90054495787011,6.20993691250146,0.331111911780725,1.11546006134985,0.896491084396039,4.08449891582131,187589100,209248148.994563,168171955.679877,0.394203460377421,153409592.643245
"83",0.69,0.765708179879002,0.635691565377638,0.53,0.578415271379054,0.482135524079204,0.89,0.877608424364589,1.02938943980262,6.84615384615385,6.75083403357376,7.91838030617398,8.95259178341148,6.80087273733087,0.483195263533914,1.17287082145039,0.852608813955648,6.61241362802684,187589100,220017781.812138,159940120.062008,0.542357426811196,142973682.885903
"84",0.69,0.718698655674234,0.634636141136289,0.53,0.55946140287444,0.466262127570808,0.89,0.810297580002807,0.981375572257675,6.84615384615385,6.2330583077139,7.54904286352058,7.78484941332374,6.43923860490728,0.187187433881705,1.06371963279154,0.940097342544747,9.66584879159927,187589100,199542208.567695,176352014.400361,3.89239323135882,172578354.24181
"85",0.69,0.813468126454391,0.673147185714915,0.53,0.598270476534963,0.516100183147937,0.89,0.871417700613383,0.928318492434919,6.84615384615385,6.70321308164141,7.14091148026861,10.2051259273991,7.80315902116265,0.552572590682622,1.20003287820797,0.833310501870012,3.20372586138546,187589100,225113087.593443,156319967.066344,-0.122586250895854,128031966.195109
"86",0.69,0.853588467740919,0.569913397505879,0.53,0.533821969665587,0.521888986248523,0.89,0.83571195836179,1.02069304433651,6.84615384615385,6.42855352585992,7.85148495643471,9.31787934307945,4.98511992933132,0.924564222787173,1.35676907543994,0.737045100822145,7.98302613571286,187589100,254515089.769611,138261627.122635,0.121773481377307,106419835.9363
"87",0.69,0.827282964517362,0.599154188353568,0.53,0.551129848770797,0.474457944761962,0.89,0.857888233042322,0.915556832589209,6.84615384615385,6.59914025417171,7.04274486607084,9.32577789149299,5.72844222658427,0.807268695376029,1.30525532042595,0.766133632516945,6.39912360161543,187589100,244851670.828915,143718318.603584,0.0527698750562085,111760206.331638
"88",0.69,0.813244445780292,0.615311917765066,0.53,0.595720943398774,0.476235933713615,0.89,0.828541698269546,0.998977798037231,6.84615384615385,6.37339767899651,7.68444460028639,10.1419732686146,6.76826908094602,0.766796486080103,1.28793845145949,0.776434618336613,5.37025712057948,187589100,241603214.96468,145650671.262609,-0.0284949483990017,112235465.23118
"89",0.69,0.705244354358874,0.649722908586264,0.53,0.539583047479391,0.489773262441158,0.89,0.844329990711994,0.952020331989042,6.84615384615385,6.49484608239996,7.32323332299263,7.16836959966111,6.31120145402112,-0.0971862484857413,0.968437373134478,1.03259129370789,9.24833076447248,187589100,181668295.232661,193702871.454498,-8.53749262423648,195526684.216133
"90",0.69,0.718535596875008,0.688328479798511,0.53,0.568539007753134,0.487838768083602,0.89,0.760842583687045,0.948696502139792,6.84615384615385,5.85263525913111,7.29766540107532,7.96886287137022,7.47748396873715,-0.44805453949459,0.862553590552267,1.15934825494116,8.68560446426272,187589100,161805651.753468,217481095.730982,-2.0744524684303,225252431.680551
"91",0.69,0.875640768008307,0.647061110250652,0.53,0.605088882427663,0.517008870635182,0.89,0.756449018241838,1.02412109423894,6.84615384615385,5.81883860186029,7.8778545710688,11.4402031127791,7.48285995202511,0.867413358898209,1.33142048807627,0.751077521305735,9.96727418713272,187589100,249759971.079789,140893956.251974,0.404215812952475,118070762.55265
"92",0.69,0.775481781528797,0.645095834610984,0.53,0.609549379255623,0.518349301181734,0.89,0.789872690229677,1.00633366217371,6.84615384615385,6.07594377099751,7.741028170567,9.80514491213973,7.53116492209824,0.518044147843281,1.18643684653373,0.842859864746767,6.17379212938249,187589100,222562620.2481,158111323.453968,0.389468865174255,138771582.954827
"93",0.69,0.84158683193149,0.60682115313597,0.53,0.564623196050525,0.464737934637815,0.89,0.791442040002439,0.901825022497214,6.84615384615385,6.08801569232645,6.93711555767088,9.87624576234812,6.08361745418724,0.840604979544728,1.31969367232964,0.757751606275958,6.92986251413822,187589100,247560148.268012,142145941.844861,0.0822996973158318,110415795.570268
"94",0.69,0.734794854645152,0.571663548620418,0.53,0.587280909214169,0.476163870058954,0.89,0.741941156224348,0.961245997459628,6.84615384615385,5.70723966326421,7.39419998045867,8.62737973827192,5.88624643156152,0.635862249750891,1.23347395545351,0.810718374375674,4.58013595640659,187589100,231386269.176963,152081930.202596,-0.0108581692716387,123055454.397153
"95",0.69,0.78836946800584,0.612079214546829,0.53,0.584771412350237,0.521099761277437,0.89,0.850623182530981,0.986587997907773,6.84615384615385,6.54325525023831,7.58913844544441,9.47100031355284,6.52141205769061,0.68208031165241,1.25243105035558,0.798447147821899,2.1816806551069,187589100,234942413.548258,149779981.857477,-0.328810194859204,110390234.253865
"96",0.69,0.733602406671271,0.538978205490857,0.53,0.57330903403461,0.485842239521444,0.89,0.857265508801211,0.941145985899493,6.84615384615385,6.59435006770162,7.23958450691918,8.31407629217198,5.12156392408091,0.731986315600312,1.27322809693405,0.785405225040204,4.9043235629797,187589100,238843712.798572,147333459.300589,-0.0538834723805909,114201391.258789
"97",0.69,0.781028977239039,0.513605700489134,0.53,0.573063113875687,0.473318310454488,0.89,0.830755570086185,0.940821844283491,6.84615384615385,6.39042746220142,7.23709110987301,9.08654113661633,4.70175292676829,0.932091312662455,1.36014339702497,0.735216597152397,7.68385629355907,187589100,255148075.718857,137918619.764881,0.0847125876060099,104629010.477936
"98",0.69,0.782491336180828,0.668333539469168,0.53,0.557922369837761,0.498978321719915,0.89,0.787322310740128,0.935246801758185,6.84615384615385,6.05632546723175,7.19420616737065,8.77153889007627,6.94921187690646,0.378422063856656,1.13301166885748,0.882603443094623,5.0010426286608,187589100,212540639.250473,165566785.547022,0.476700815994251,150081475.795027
"99",0.69,0.829367808233947,0.52714695693925,0.53,0.548762749750167,0.517721105590463,0.89,0.882098209727556,0.979626209293492,6.84615384615385,6.78537084405812,7.53558622533455,9.30248275160912,4.55726650966398,0.981904671958897,1.38268677085151,0.723229599849403,4.14980063028634,187589100,259376966.925941,135669989.72911,-0.268966168612307,84954546.6199663
"100",0.69,0.860060712015256,0.619942252393812,0.53,0.590795800574124,0.52862116958946,0.89,0.743863193991128,0.91125781102106,6.84615384615385,5.72202456916253,7.00967546939277,10.8187454944658,6.75983094522184,0.883394046378433,1.338460449685,0.747127044534893,5.62718876637518,187589100,251080591.142005,140152889.86996,-0.0850439116632392,101476550.588576
